p,d,q,P,D,Q,s,aic,bic
0,1,2,1,0,1,4,4.007629484966074,19.383498561135205
1,1,2,1,0,1,4,4.9190701564528965,23.370113047855856
0,1,2,0,0,1,4,5.33209855977961,17.632793820714916
2,1,2,1,0,1,4,6.723465145855286,28.249681852492074
1,1,1,1,0,0,4,6.829493699421583,19.179879040351118
0,1,1,1,0,1,4,7.0750900146985245,19.400707474636377
1,1,2,0,0,1,4,7.182624027073636,22.558493103242768
0,1,1,0,0,1,4,7.566520252255302,16.81073334720869
1,1,2,0,0,0,4,7.975557863822466,20.37502357511926
0,1,1,1,0,0,4,8.352928853441227,17.634179455861513
2,1,2,1,0,0,4,8.897397160479315,27.385823350386094
1,1,1,1,0,1,4,9.07314426535013,24.480166090272448
2,1,2,0,0,1,4,9.165440934367417,27.616483825770377
1,0,1,0,0,1,4,9.237091936978153,21.587477277907688
1,0,1,1,0,1,4,9.359264497699321,24.79724617386124
0,1,2,0,0,0,4,9.435849485225901,18.735448768698497
1,1,1,0,0,1,4,9.54190662375759,21.867524083695443
2,1,1,1,0,0,4,9.67157291553061,25.078594740452928
2,1,2,0,0,0,4,9.70045276856014,25.199784907681135
1,1,2,1,0,0,4,9.944601709439901,25.38258338560182
2,0,2,0,0,0,4,10.068456785953721,25.59818415545662
0,1,1,0,0,0,4,10.345514170918229,16.557405118719387
1,0,1,1,0,0,4,10.346246649800577,22.721247453027626
0,1,2,1,0,0,4,10.348756560939485,22.723757364166534
1,0,2,0,0,1,4,10.781509288111579,26.188531113033896
2,1,1,0,0,1,4,11.078183081387508,26.485204906309825
2,0,1,0,0,1,4,11.214513608446488,26.652495284608406
2,0,1,1,0,0,4,11.34269349159684,26.78067516775876
2,0,1,1,0,1,4,11.358841073802793,29.884419085197095
0,0,1,0,1,1,4,11.430042555169457,20.61782765425036
2,1,1,1,0,1,4,12.100594052270992,30.58902024217777
1,0,2,1,0,1,4,12.147147456746772,30.63557364665355
1,1,1,0,0,0,4,12.240652530948836,21.558488952650578
1,0,2,1,0,0,4,12.342922790088863,27.811673794122676
2,0,2,1,0,0,4,12.49273217771836,31.01831018911266
2,0,2,0,1,1,4,12.947590519282642,31.285065351372488
1,0,1,0,1,1,4,13.001264109229076,25.251644241336944
0,0,2,0,1,1,4,13.135498808531977,25.36048202992521
2,0,2,1,0,1,4,13.194697687326219,34.76452824221746
1,0,1,0,0,0,4,13.213993393940612,22.549956759010243
1,1,2,0,1,1,4,13.372301700157692,28.62158173640538
0,0,0,0,0,1,4,13.400061833688067,19.58756223530159
2,0,2,0,0,1,4,13.63218878883162,32.1206149787384
2,1,1,0,0,0,4,13.7373242726335,26.161106168235822
0,0,0,1,0,1,4,13.78987719612503,23.071127798545316
1,0,2,0,0,0,4,13.895593766198218,26.31937566180054
1,0,0,1,0,0,4,14.509854464856247,23.791105067276533
0,0,1,0,0,1,4,14.516922448405207,23.779711454102358
0,0,0,0,1,1,4,14.538682230858733,20.676490635299196
1,0,0,0,0,1,4,14.563667733819635,23.84491833623992
2,0,1,0,1,1,4,14.807145163257005,30.120120328391838
1,0,0,1,0,1,4,14.844896248118626,27.219897051345676
0,0,0,1,0,0,4,14.935742908181663,21.13547576383006
2,0,1,0,0,0,4,14.994385005375001,27.442336158801176
1,0,1,1,1,1,4,15.001288926461548,30.31426409159638
1,0,2,0,1,1,4,15.061163254055607,30.342392280797146
2,1,2,0,1,1,4,15.198357600354868,33.49749364385209
0,0,1,1,0,1,4,15.439466137507658,27.789851478437193
0,0,2,0,0,1,4,15.711976623307223,28.037594083245075
0,0,1,1,0,0,4,16.163199133235214,25.46279841670781
2,0,0,1,0,0,4,16.328065124532053,28.678450465461587
2,0,0,0,0,1,4,16.42275897935743,28.797759782584478
1,0,0,0,1,1,4,16.444289690340742,25.651002297001437
2,0,0,0,1,1,4,16.561939727106218,28.837556535987144
0,0,1,0,0,0,4,16.909359133614963,23.13333471032805
0,0,1,1,1,1,4,17.20075481374179,29.451134945849656
2,0,0,1,0,1,4,17.244656103275197,32.682637779437115
0,0,2,1,1,1,4,17.336321768422117,32.61755079516365
1,0,0,0,0,0,4,17.46625283355513,23.702240458388644
2,0,0,1,1,1,4,17.68499080572525,32.99796597086008
0,1,2,0,1,1,4,17.746868198865947,29.946292227864095
0,0,2,1,0,1,4,17.922438399328236,33.32946022425055
1,0,2,1,1,1,4,18.121650787519393,36.45912561960924
0,0,2,1,0,0,4,18.144940331344635,30.54440604264143
0,1,2,1,1,1,4,18.160535556418445,33.409815592666135
0,0,0,1,1,1,4,18.285757407751248,27.492470014411943
2,0,0,0,0,0,4,18.492995465329976,27.828958830399607
1,1,2,1,1,1,4,18.761737118222513,37.060873161719734
2,0,1,1,1,1,4,19.05015182959624,37.42572202775804
0,0,2,0,0,0,4,19.527022741530963,28.844859163232705
2,0,2,1,1,1,4,19.815204514379516,41.20892515181767
1,0,0,1,1,1,4,20.262171528545924,32.537788337426846
2,1,2,1,1,1,4,20.71866143872738,42.06765348947414
0,1,1,0,1,1,4,25.507774753622034,34.67651216966696
1,1,1,0,1,1,4,27.47532045801721,39.70030367941044
2,1,1,0,1,1,4,27.762935013886224,43.04416404062776
0,1,1,1,1,1,4,29.526457402268893,41.75144062366212
1,1,1,1,1,1,4,31.51550989351429,46.796738920255834
2,1,1,1,1,1,4,32.66870869436502,51.00618352645486
2,1,0,1,0,1,4,49.18107079736539,64.58809262228772
2,1,0,0,0,1,4,52.273916494062746,64.62430183499228
2,1,0,1,0,0,4,53.045544850108236,65.37116231004609
2,0,2,1,1,0,4,56.278807599670756,74.65437779783255
2,1,0,0,0,0,4,57.89445960983053,67.21229603153228
2,1,0,0,1,1,4,66.78468441280833,79.03506454491621
2,0,0,1,1,0,4,67.53949429828054,79.78987443038841
0,0,0,1,1,0,4,67.9494024039056,74.09975003437324
2,1,0,1,1,1,4,69.04012858807137,84.32135761481291
2,0,1,1,1,0,4,69.52907331677545,84.84204848191028
1,0,0,1,1,0,4,69.83476435365459,79.0414769603153
1,1,2,1,1,0,4,69.8717947507537,85.18476991588852
0,0,1,1,1,0,4,69.92849072285117,79.15401216855264
1,0,1,1,1,0,4,70.22029377493051,82.49591058381144
1,1,0,1,0,1,4,71.64408699703677,83.9944723379663
0,0,2,1,1,0,4,71.81858055673098,84.11927581766628
1,1,0,1,0,0,4,73.48239173299783,82.74518073869498
1,1,0,0,0,1,4,73.48294395483968,82.74573296053683
1,0,2,1,1,0,4,73.70685031919632,89.05137133029748
0,1,1,1,1,0,4,75.6208835032973,84.827596109958
1,1,0,0,0,0,4,76.0527279091213,82.27670348583439
1,1,1,1,1,0,4,76.55625283552551,88.80663296763338
0,1,2,1,1,0,4,77.57074382974896,89.84636063862989
2,1,1,1,1,0,4,78.57998655985119,93.86121558659273
2,1,2,1,1,0,4,79.50714648696159,97.84462131905144
1,1,0,0,1,1,4,82.43925421418625,91.62703931326715
1,1,0,1,1,1,4,88.09966585954824,100.3500459916561
2,0,2,0,1,0,4,89.75394151050621,105.16096333542853
2,0,1,0,1,0,4,103.51024350527287,115.8606288462024
2,1,2,0,1,0,4,104.53685771749332,119.91272679366244
1,0,2,0,1,0,4,104.55423051453529,116.87984797447314
1,0,1,0,1,0,4,104.63102317924726,113.89381218494441
1,1,2,0,1,0,4,106.94074718567217,119.24144244660746
0,1,0,1,0,1,4,110.74010552248994,120.00289452818708
0,1,0,0,0,1,4,111.66299441027611,117.83818708074088
0,1,0,1,0,0,4,114.97030869249352,121.15780909410704
2,1,0,1,1,0,4,115.52974867412804,127.75473189552127
0,0,2,0,1,0,4,119.86172552182765,129.10593861678103
0,0,0,0,1,0,4,121.6210354074091,124.71478560821586
0,1,0,0,0,0,4,123.03615622921426,126.1481440175708
1,0,0,0,1,0,4,123.59303048007557,129.7805308816891
0,0,1,0,1,0,4,123.82086426828313,129.9960569387479
0,1,2,0,1,0,4,124.04186313782645,133.26738458352793
2,0,0,0,1,0,4,125.77162394726113,135.0344129529583
0,1,1,0,1,0,4,127.11623336983963,133.27904209980855
0,1,0,0,1,1,4,127.24506372528843,133.37025379134238
1,1,1,0,1,0,4,129.09727635970827,138.34148945466166
0,1,0,1,1,1,4,129.10627700363585,138.29406210271677
1,1,0,1,1,0,4,133.44784442696215,142.63562952604306
2,1,1,0,1,0,4,150.5150421998144,162.84065965975225
2,1,0,0,1,0,4,172.50230441836834,181.74651751332172
0,1,0,1,1,0,4,176.49832727251015,182.63613567695063
1,1,0,0,1,0,4,192.0807786158742,198.255971286339
0,1,0,0,1,0,4,236.37881388816183,239.4664102233942
